{"cameraMode":{"drawMode":0,"name":"Shaded","section":"Shading Mode"},"sceneLighting":false,"audioPlay":false,"sceneViewState":{"showFog":true,"showMaterialUpdate":true,"showSkybox":true,"showFlares":true,"showImageEffects":true,"showParticleSystems":true},"in2DMode":false,"pivot":{"x":0.3316666781902313,"y":-2.3486013412475588,"z":24.56804084777832},"rotation":{"x":-0.15567351877689362,"y":-0.003855399787425995,"z":0.000607516965828836,"w":-0.9878033399581909},"size":45.608314514160159,"orthographic":false}